{"state_fidelity":0.9932620530009145,"_timestamp":1.782062089631144e+09,"_step":99,"_runtime":5,"_wandb":{"runtime":5},"epoch":100,"ground_state_energy":-0.24780643928450521}